Sexo,Nombre
M,Antonio
M,Jose
M,Manuel
M,Francisco
M,Juan
M,David
M,Jose antonio
M,Javier
M,Jose luis
M,Francisco javier
M,Daniel
M,Jesus
M,Carlos
M,Miguel
M,Alejandro
M,Jose manuel
M,Rafael
M,Pedro
M,Miguel angel
M,Angel
M,Jose maria
M,Fernando
M,Pablo
M,Luis
M,Sergio
M,Jorge
M,Alberto
M,Juan carlos
M,Juan jose
M,Alvaro
M,Diego
M,Adrian
M,Raul
M,Juan antonio
M,Enrique
M,Ramon
M,Ivan
M,Vicente
M,Ruben
M,Oscar
M,Andres
M,Joaquin
M,Juan manuel
M,Santiago
M,Eduardo
M,Victor
M,Roberto
M,Jaime
M,Francisco jose
M,Mario
M,Ignacio
M,Alfonso
M,Marcos
M,Salvador
M,Ricardo
M,Jordi
M,Emilio
M,Julian
M,Guillermo
M,Julio
M,Gabriel
M,Tomas
M,Agustin
M,Jose miguel
M,Hugo
M,Marc
M,Gonzalo
M,Jose ramon
M,Mohamed
M,Felix
M,Joan
M,Nicolas
M,Ismael
M,Cristian
M,Samuel
M,Martin
M,Josep
M,Mariano
M,Aitor
M,Juan francisco
M,Domingo
M,Alfredo
M,Jose carlos
M,Sebastian
M,Hector
M,Cesar
M,Felipe
M,Iker
M,Jose angel
M,Jose ignacio
M,Victor manuel
M,Alex
M,Luis miguel
M,Gregorio
M,Rodrigo
M,Jose francisco
M,Lucas
M,Juan luis
M,Albert
M,Xavier
M,Jose
M,Antonio
M,Juan
M,Manuel
M,Francisco
M,Luis
M,Javier
M,Miguel
M,Angel
M,Carlos
M,Jesus
M,David
M,Pedro
M,Daniel
M,Maria
M,Alejandro
M,Rafael
M,Fernando
M,Alberto
M,Pablo
M,Ramon
M,Jorge
M,Sergio
M,Enrique
M,Vicente
M,Andres
M,Diego
M,Victor
M,Ignacio
M,Adrian
M,Alvaro
M,Raul
M,Eduardo
M,Joaquin
M,Ivan
M,Oscar
M,Ruben
M,Santiago
M,Roberto
M,Alfonso
M,Mario
M,Jaime
M,Gabriel
M,Ricardo
M,Emilio
M,Julio
M,Marcos
M,Salvador
M,Tomas
M,Julian
M,Guillermo
M,Jordi
M,Agustin
M,Felix
M,Josep
M,Hugo
M,Nicolas
M,Joan
M,Cristian
M,Gonzalo
M,Cesar
M,Mohamed
M,Martin
M,Domingo
M,Marc
M,Sebastian
M,Felipe
M,Alfredo
M,Mariano
M,Ismael
M,Samuel
M,Hector
M,Aitor
M,Esteban
M,Gregorio
M,Xavier
M,Rodrigo
M,Iker
M,Lorenzo
M,Alex
M,Lucas
M,Arturo
M,Eugenio
M,Cristobal
M,Albert
M,Borja
M,Alexander
M,Valentin
M,Marco
M,Adolfo
M,German
M,Jonathan
M,Christian
M,Ernesto
M,Isaac
M,Joel
M,Benito
M,Aaron
M,Dario
M,Abel
F,Maria carmen
F,Maria
F,Carmen
F,Josefa
F,Isabel
F,Ana maria
F,Maria pilar
F,Maria dolores
F,Maria teresa
F,Ana
F,Laura
F,Maria angeles
F,Cristina
F,Francisca
F,Marta
F,Antonia
F,Dolores
F,Maria isabel
F,Maria jose
F,Lucia
F,Maria luisa
F,Sara
F,Elena
F,Pilar
F,Paula
F,Concepcion
F,Manuela
F,Rosa maria
F,Raquel
F,Mercedes
F,Maria jesus
F,Rosario
F,Juana
F,Teresa
F,Beatriz
F,Encarnacion
F,Nuria
F,Silvia
F,Julia
F,Montserrat
F,Irene
F,Patricia
F,Rosa
F,Alba
F,Andrea
F,Rocio
F,Monica
F,Maria mar
F,Angela
F,Alicia
F,Sonia
F,Sandra
F,Susana
F,Marina
F,Margarita
F,Yolanda
F,Natalia
F,Maria josefa
F,Maria rosario
F,Inmaculada
F,Eva
F,Maria mercedes
F,Esther
F,Ana isabel
F,Claudia
F,Angeles
F,Noelia
F,Veronica
F,Carla
F,Amparo
F,Carolina
F,Maria rosa
F,Maria victoria
F,Nerea
F,Sofia
F,Eva maria
F,Maria concepcion
F,Lorena
F,Ana belen
F,Miriam
F,Victoria
F,Ines
F,Maria elena
F,Maria antonia
F,Catalina
F,Consuelo
F,Maria nieves
F,Lidia
F,Emilia
F,Luisa
F,Celia
F,Gloria
F,Olga
F,Daniela
F,Aurora
F,Esperanza
F,Maria soledad
F,Alejandra
F,Milagros
F,Josefina
F,Maria
F,Carmen
F,Ana
F,Isabel
F,Dolores
F,Pilar
F,Teresa
F,Josefa
F,Rosa
F,Cristina
F,Angeles
F,Antonia
F,Laura
F,Elena
F,Francisca
F,Marta
F,Mercedes
F,Luisa
F,Concepcion
F,Rosario
F,Lucia
F,Jose
F,Paula
F,Juana
F,Sara
F,Manuela
F,Raquel
F,Jesus
F,Beatriz
F,Eva
F,Rocio
F,Patricia
F,Victoria
F,Encarnacion
F,Julia
F,Belen
F,Silvia
F,Andrea
F,Esther
F,Montserrat
F,Nuria
F,Angela
F,Irene
F,Alba
F,Inmaculada
F,Monica
F,Sandra
F,Yolanda
F,Alicia
F,Sonia
F,Margarita
F,Mar
F,Marina
F,Susana
F,Natalia
F,Amparo
F,Claudia
F,Nieves
F,Gloria
F,Ines
F,Carolina
F,Soledad
F,Lourdes
F,Veronica
F,Luz
F,Sofia
F,Noelia
F,Begona
F,Consuelo
F,Lorena
F,Asuncion
F,Carla
F,Alejandra
F,Milagros
F,Olga
F,Esperanza
F,Catalina
F,Fatima
F,Blanca
F,Daniela
F,Miriam
F,Nerea
F,Lidia
F,Aurora
F,Emilia
F,Magdalena
F,Clara
F,Celia
F,Anna
F,Elisa
F,Eugenia
F,Virginia
F,Josefina
F,Vanesa
F,Purificacion
F,Adriana
F,Gema
F,Remedios
F,Trinidad
F,Ainhoa